project,surface_type,source_path,canonical_doc_path,audience,diataxis_type,owner_status,verification_command,gap_status,reviewer_notes
helm-oss,project-root,.,README.md,maintainer,reference,owned-active,make docs-coverage && make docs-truth,covered,Covered by canonical documentation; update this row when the source surface moves or changes lifecycle.
helm-oss,ci-cd,.github,.github/README.md,operator,how-to,owned-active,make docs-coverage && make docs-truth,covered,Covered by canonical documentation; update this row when the source surface moves or changes lifecycle.
helm-oss,build-interface,Makefile,docs/documentation-coverage.md,operator,how-to,owned-active,make docs-coverage && make docs-truth,covered,Covered by canonical documentation; update this row when the source surface moves or changes lifecycle.
helm-oss,api-contract,api,api/README.md,developer,reference,owned-active,make docs-coverage && make docs-truth,covered,Covered by canonical documentation; update this row when the source surface moves or changes lifecycle.
helm-oss,surface,artifacts,artifacts/README.md,maintainer,reference,owned-active,make docs-coverage && make docs-truth,covered,Covered by canonical documentation; update this row when the source surface moves or changes lifecycle.
helm-oss,benchmarks,benchmarks,benchmarks/README.md,maintainer,reference,owned-active,make docs-coverage && make docs-truth,covered,Covered by canonical documentation; update this row when the source surface moves or changes lifecycle.
helm-oss,surface,core,core/README.md,maintainer,reference,owned-active,make docs-coverage && make docs-truth,covered,Covered by canonical documentation; update this row when the source surface moves or changes lifecycle.
helm-oss,surface,data,data/README.md,maintainer,reference,owned-active,make docs-coverage && make docs-truth,covered,Covered by canonical documentation; update this row when the source surface moves or changes lifecycle.
helm-oss,surface,deploy,deploy/README.md,operator,how-to,owned-active,make docs-coverage && make docs-truth,covered,Covered by canonical documentation; update this row when the source surface moves or changes lifecycle.
helm-oss,configuration,docker-compose.yml,docs/documentation-coverage.md,maintainer,reference,owned-active,make docs-coverage && make docs-truth,covered,Covered by canonical documentation; update this row when the source surface moves or changes lifecycle.
helm-oss,surface,docs,docs/README.md,maintainer,explanation,owned-active,make docs-coverage && make docs-truth,covered,Covered by canonical documentation; update this row when the source surface moves or changes lifecycle.
helm-oss,surface,examples,examples/README.md,developer,tutorial,owned-active,make docs-coverage && make docs-truth,covered,Covered by canonical documentation; update this row when the source surface moves or changes lifecycle.
helm-oss,surface,fixtures,fixtures/README.md,maintainer,reference,owned-active,make docs-coverage && make docs-truth,covered,Covered by canonical documentation; update this row when the source surface moves or changes lifecycle.
helm-oss,surface,oss-fuzz,oss-fuzz/README.md,maintainer,reference,owned-active,make docs-coverage && make docs-truth,covered,Covered by canonical documentation; update this row when the source surface moves or changes lifecycle.
helm-oss,surface,packages,packages/README.md,maintainer,reference,owned-active,make docs-coverage && make docs-truth,covered,Covered by canonical documentation; update this row when the source surface moves or changes lifecycle.
helm-oss,surface,proofs,proofs/README.md,maintainer,explanation,owned-active,make docs-coverage && make docs-truth,covered,Covered by canonical documentation; update this row when the source surface moves or changes lifecycle.
helm-oss,protocol,protocols,protocols/README.md,maintainer,reference,owned-active,make docs-coverage && make docs-truth,covered,Covered by canonical documentation; update this row when the source surface moves or changes lifecycle.
helm-oss,surface,reference_packs,reference_packs/README.md,maintainer,reference,owned-active,make docs-coverage && make docs-truth,covered,Covered by canonical documentation; update this row when the source surface moves or changes lifecycle.
helm-oss,surface,release,release/README.md,maintainer,reference,owned-active,make docs-coverage && make docs-truth,covered,Covered by canonical documentation; update this row when the source surface moves or changes lifecycle.
helm-oss,schema,schemas,schemas/README.md,maintainer,reference,owned-active,make docs-coverage && make docs-truth,covered,Covered by canonical documentation; update this row when the source surface moves or changes lifecycle.
helm-oss,surface,scripts,scripts/README.md,maintainer,how-to,owned-active,make docs-coverage && make docs-truth,covered,Covered by canonical documentation; update this row when the source surface moves or changes lifecycle.
helm-oss,surface,sdk,sdk/README.md,developer,reference,owned-active,make docs-coverage && make docs-truth,covered,Covered by canonical documentation; update this row when the source surface moves or changes lifecycle.
helm-oss,surface,tests,tests/README.md,maintainer,tutorial,owned-active,make docs-coverage && make docs-truth,covered,Covered by canonical documentation; update this row when the source surface moves or changes lifecycle.
helm-oss,surface,tools,tools/README.md,maintainer,how-to,owned-active,make docs-coverage && make docs-truth,covered,Covered by canonical documentation; update this row when the source surface moves or changes lifecycle.
helm-oss,ci-cd,.github/workflows,.github/workflows/README.md,operator,how-to,owned-active,make docs-coverage && make docs-truth,covered,Covered by canonical documentation; update this row when the source surface moves or changes lifecycle.
helm-oss,api-contract,api/openapi,api/openapi/README.md,developer,reference,owned-active,make docs-coverage && make docs-truth,covered,Covered by canonical documentation; update this row when the source surface moves or changes lifecycle.
helm-oss,surface,artifacts/golden,artifacts/golden/README.md,maintainer,explanation,owned-active,make docs-coverage && make docs-truth,covered,Coverage row generated from active source/config/route discovery; canonical doc must be updated when the source surface changes lifecycle or interface.
helm-oss,configuration,core/go.mod,core/README.md,maintainer,reference,owned-active,make docs-coverage && make docs-truth,covered,Coverage row generated from active source/config/route discovery; canonical doc must be updated when the source surface changes lifecycle or interface.
helm-oss,infrastructure,deploy/helm-chart,deploy/helm-chart/README.md,operator,how-to,owned-active,make docs-coverage && make docs-truth,covered,Covered by canonical documentation; update this row when the source surface moves or changes lifecycle.
helm-oss,surface,examples/go_client,examples/go_client/README.md,developer,tutorial,owned-active,make docs-coverage && make docs-truth,covered,Covered by canonical documentation; update this row when the source surface moves or changes lifecycle.
helm-oss,surface,examples/golden,examples/golden/README.md,developer,tutorial,owned-active,make docs-coverage && make docs-truth,covered,Covered by canonical documentation; update this row when the source surface moves or changes lifecycle.
helm-oss,surface,examples/java_client,examples/java_client/README.md,developer,tutorial,owned-active,make docs-coverage && make docs-truth,covered,Covered by canonical documentation; update this row when the source surface moves or changes lifecycle.
helm-oss,surface,examples/js_openai_baseurl,examples/js_openai_baseurl/README.md,developer,tutorial,owned-active,make docs-coverage && make docs-truth,covered,Covered by canonical documentation; update this row when the source surface moves or changes lifecycle.
helm-oss,surface,examples/mcp_client,examples/mcp_client/README.md,developer,tutorial,owned-active,make docs-coverage && make docs-truth,covered,Covered by canonical documentation; update this row when the source surface moves or changes lifecycle.
helm-oss,surface,examples/openclaw,examples/openclaw/README.md,developer,tutorial,owned-active,make docs-coverage && make docs-truth,covered,Covered by canonical documentation; update this row when the source surface moves or changes lifecycle.
helm-oss,surface,examples/otel-genai,examples/otel-genai/README.md,developer,tutorial,owned-active,make docs-coverage && make docs-truth,covered,Covered by canonical documentation; update this row when the source surface moves or changes lifecycle.
helm-oss,surface,examples/policies,examples/policies/README.md,developer,tutorial,owned-active,make docs-coverage && make docs-truth,covered,Covered by canonical documentation; update this row when the source surface moves or changes lifecycle.
helm-oss,surface,examples/python_openai_baseurl,examples/python_openai_baseurl/README.md,developer,tutorial,owned-active,make docs-coverage && make docs-truth,covered,Covered by canonical documentation; update this row when the source surface moves or changes lifecycle.
helm-oss,surface,examples/receipt_verification,examples/receipt_verification/README.md,developer,tutorial,owned-active,make docs-coverage && make docs-truth,covered,Covered by canonical documentation; update this row when the source surface moves or changes lifecycle.
helm-oss,surface,examples/rust_client,examples/rust_client/README.md,developer,tutorial,owned-active,make docs-coverage && make docs-truth,covered,Covered by canonical documentation; update this row when the source surface moves or changes lifecycle.
helm-oss,surface,examples/starters,examples/starters/README.md,developer,tutorial,owned-active,make docs-coverage && make docs-truth,covered,Covered by canonical documentation; update this row when the source surface moves or changes lifecycle.
helm-oss,surface,examples/ts_openai_baseurl,examples/ts_openai_baseurl/README.md,developer,tutorial,owned-active,make docs-coverage && make docs-truth,covered,Covered by canonical documentation; update this row when the source surface moves or changes lifecycle.
helm-oss,test-surface,fixtures/minimal,fixtures/README.md,maintainer,tutorial,owned-active,make docs-coverage && make docs-truth,covered,Coverage row generated from active source/config/route discovery; canonical doc must be updated when the source surface changes lifecycle or interface.
helm-oss,package,packages/design-system-core,packages/design-system-core/README.md,maintainer,reference,owned-active,make docs-coverage && make docs-truth,covered,Covered by canonical documentation; update this row when the source surface moves or changes lifecycle.
helm-oss,surface,proofs/Lean,proofs/Lean/README.md,maintainer,explanation,owned-active,make docs-coverage && make docs-truth,covered,Coverage row generated from active source/config/route discovery; canonical doc must be updated when the source surface changes lifecycle or interface.
helm-oss,surface,proofs/states,proofs/README.md,maintainer,explanation,owned-active,make docs-coverage && make docs-truth,covered,Coverage row generated from active source/config/route discovery; canonical doc must be updated when the source surface changes lifecycle or interface.
helm-oss,protocol,protocols/bundles,protocols/README.md,developer,reference,owned-active,make docs-coverage && make docs-truth,covered,Coverage row generated from active source/config/route discovery; canonical doc must be updated when the source surface changes lifecycle or interface.
helm-oss,protocol,protocols/conformance,protocols/conformance/v1/CONFORMANCE_GUIDE.md,developer,reference,owned-active,make docs-coverage && make docs-truth,covered,Coverage row generated from active source/config/route discovery; canonical doc must be updated when the source surface changes lifecycle or interface.
helm-oss,protocol,protocols/json-schemas,protocols/json-schemas/SCHEMA_INDEX.md,developer,reference,owned-active,make docs-coverage && make docs-truth,covered,Coverage row generated from active source/config/route discovery; canonical doc must be updated when the source surface changes lifecycle or interface.
helm-oss,protocol,protocols/policy-schema,protocols/README.md,developer,reference,owned-active,make docs-coverage && make docs-truth,covered,Coverage row generated from active source/config/route discovery; canonical doc must be updated when the source surface changes lifecycle or interface.
helm-oss,protocol,protocols/proto,protocols/proto/README.md,maintainer,reference,owned-active,make docs-coverage && make docs-truth,covered,Covered by canonical documentation; update this row when the source surface moves or changes lifecycle.
helm-oss,protocol,protocols/spec,protocols/README.md,developer,reference,owned-active,make docs-coverage && make docs-truth,covered,Coverage row generated from active source/config/route discovery; canonical doc must be updated when the source surface changes lifecycle or interface.
helm-oss,protocol,protocols/specs,protocols/README.md,developer,reference,owned-active,make docs-coverage && make docs-truth,covered,Coverage row generated from active source/config/route discovery; canonical doc must be updated when the source surface changes lifecycle or interface.
helm-oss,surface,release/vex,release/README.md,maintainer,explanation,owned-active,make docs-coverage && make docs-truth,covered,Coverage row generated from active source/config/route discovery; canonical doc must be updated when the source surface changes lifecycle or interface.
helm-oss,schema,schemas/approvals,schemas/README.md,developer,reference,owned-active,make docs-coverage && make docs-truth,covered,Coverage row generated from active source/config/route discovery; canonical doc must be updated when the source surface changes lifecycle or interface.
helm-oss,schema,schemas/artifact_manifest.json,schemas/README.md,developer,reference,owned-active,make docs-coverage && make docs-truth,covered,Coverage row generated from active source/config/route discovery; canonical doc must be updated when the source surface changes lifecycle or interface.
helm-oss,schema,schemas/channel_envelope.json,schemas/README.md,developer,reference,owned-active,make docs-coverage && make docs-truth,covered,Coverage row generated from active source/config/route discovery; canonical doc must be updated when the source surface changes lifecycle or interface.
helm-oss,schema,schemas/connector_release.json,schemas/README.md,developer,reference,owned-active,make docs-coverage && make docs-truth,covered,Coverage row generated from active source/config/route discovery; canonical doc must be updated when the source surface changes lifecycle or interface.
helm-oss,schema,schemas/connectors,schemas/README.md,developer,reference,owned-active,make docs-coverage && make docs-truth,covered,Coverage row generated from active source/config/route discovery; canonical doc must be updated when the source surface changes lifecycle or interface.
helm-oss,schema,schemas/effects,schemas/README.md,developer,reference,owned-active,make docs-coverage && make docs-truth,covered,Coverage row generated from active source/config/route discovery; canonical doc must be updated when the source surface changes lifecycle or interface.
helm-oss,schema,schemas/knowledge_claim.json,schemas/README.md,developer,reference,owned-active,make docs-coverage && make docs-truth,covered,Coverage row generated from active source/config/route discovery; canonical doc must be updated when the source surface changes lifecycle or interface.
helm-oss,schema,schemas/receipts,schemas/README.md,developer,reference,owned-active,make docs-coverage && make docs-truth,covered,Coverage row generated from active source/config/route discovery; canonical doc must be updated when the source surface changes lifecycle or interface.
helm-oss,schema,schemas/reference_pack.v1.json,schemas/README.md,developer,reference,owned-active,make docs-coverage && make docs-truth,covered,Coverage row generated from active source/config/route discovery; canonical doc must be updated when the source surface changes lifecycle or interface.
helm-oss,schema,schemas/schedule_spec.json,schemas/README.md,developer,reference,owned-active,make docs-coverage && make docs-truth,covered,Coverage row generated from active source/config/route discovery; canonical doc must be updated when the source surface changes lifecycle or interface.
helm-oss,schema,schemas/skill_bundle_manifest.json,schemas/README.md,developer,reference,owned-active,make docs-coverage && make docs-truth,covered,Coverage row generated from active source/config/route discovery; canonical doc must be updated when the source surface changes lifecycle or interface.
helm-oss,tooling,scripts/bench,scripts/bench/README.md,maintainer,how-to,owned-active,make docs-coverage && make docs-truth,covered,Covered by canonical documentation; update this row when the source surface moves or changes lifecycle.
helm-oss,tooling,scripts/ci,scripts/ci/README.md,maintainer,how-to,owned-active,make docs-coverage && make docs-truth,covered,Covered by canonical documentation; update this row when the source surface moves or changes lifecycle.
helm-oss,tooling,scripts/release,scripts/release/README.md,maintainer,how-to,owned-active,make docs-coverage && make docs-truth,covered,Covered by canonical documentation; update this row when the source surface moves or changes lifecycle.
helm-oss,tooling,scripts/sdk,scripts/sdk/README.md,maintainer,how-to,owned-active,make docs-coverage && make docs-truth,covered,Covered by canonical documentation; update this row when the source surface moves or changes lifecycle.
helm-oss,tooling,scripts/tla,scripts/tla/README.md,maintainer,how-to,owned-active,make docs-coverage && make docs-truth,covered,Covered by canonical documentation; update this row when the source surface moves or changes lifecycle.
helm-oss,tooling,scripts/usecases,scripts/usecases/README.md,maintainer,how-to,owned-active,make docs-coverage && make docs-truth,covered,Covered by canonical documentation; update this row when the source surface moves or changes lifecycle.
helm-oss,package,sdk/go,sdk/go/README.md,developer,reference,owned-active,make docs-coverage && make docs-truth,covered,Covered by canonical documentation; update this row when the source surface moves or changes lifecycle.
helm-oss,package,sdk/java,sdk/java/README.md,developer,reference,owned-active,make docs-coverage && make docs-truth,covered,Covered by canonical documentation; update this row when the source surface moves or changes lifecycle.
helm-oss,package,sdk/python,sdk/python/README.md,developer,reference,owned-active,make docs-coverage && make docs-truth,covered,Covered by canonical documentation; update this row when the source surface moves or changes lifecycle.
helm-oss,package,sdk/rust,sdk/rust/README.md,developer,reference,owned-active,make docs-coverage && make docs-truth,covered,Covered by canonical documentation; update this row when the source surface moves or changes lifecycle.
helm-oss,package,sdk/ts,sdk/ts/README.md,developer,reference,owned-active,make docs-coverage && make docs-truth,covered,Covered by canonical documentation; update this row when the source surface moves or changes lifecycle.
helm-oss,test-surface,tests/conformance,tests/README.md,maintainer,tutorial,owned-active,make docs-coverage && make docs-truth,covered,Coverage row generated from active source/config/route discovery; canonical doc must be updated when the source surface changes lifecycle or interface.
helm-oss,tooling,tools/boundary,tools/boundary/README.md,maintainer,how-to,owned-active,make docs-coverage && make docs-truth,covered,Covered by canonical documentation; update this row when the source surface moves or changes lifecycle.
helm-oss,tooling,tools/doccheck,tools/doccheck/README.md,maintainer,how-to,owned-active,make docs-coverage && make docs-truth,covered,Covered by canonical documentation; update this row when the source surface moves or changes lifecycle.
helm-oss,tooling,tools/tcbcheck,tools/tcbcheck/README.md,maintainer,how-to,owned-active,make docs-coverage && make docs-truth,covered,Covered by canonical documentation; update this row when the source surface moves or changes lifecycle.
helm-oss,ci-cd,.github/workflows/ci.yml,.github/workflows/README.md,operator,how-to,owned-active,make docs-coverage && make docs-truth,covered,Coverage row generated from active source/config/route discovery; canonical doc must be updated when the source surface changes lifecycle or interface.
helm-oss,ci-cd,.github/workflows/crates-publish.yml,.github/workflows/README.md,operator,how-to,owned-active,make docs-coverage && make docs-truth,covered,Coverage row generated from active source/config/route discovery; canonical doc must be updated when the source surface changes lifecycle or interface.
helm-oss,ci-cd,.github/workflows/lean.yml,.github/workflows/README.md,operator,how-to,owned-active,make docs-coverage && make docs-truth,covered,Coverage row generated from active source/config/route discovery; canonical doc must be updated when the source surface changes lifecycle or interface.
helm-oss,ci-cd,.github/workflows/maven-publish.yml,.github/workflows/README.md,operator,how-to,owned-active,make docs-coverage && make docs-truth,covered,Coverage row generated from active source/config/route discovery; canonical doc must be updated when the source surface changes lifecycle or interface.
helm-oss,ci-cd,.github/workflows/npm-publish.yml,.github/workflows/README.md,operator,how-to,owned-active,make docs-coverage && make docs-truth,covered,Coverage row generated from active source/config/route discovery; canonical doc must be updated when the source surface changes lifecycle or interface.
helm-oss,ci-cd,.github/workflows/python-publish.yml,.github/workflows/README.md,operator,how-to,owned-active,make docs-coverage && make docs-truth,covered,Coverage row generated from active source/config/route discovery; canonical doc must be updated when the source surface changes lifecycle or interface.
helm-oss,ci-cd,.github/workflows/release.yml,.github/workflows/README.md,operator,how-to,owned-active,make docs-coverage && make docs-truth,covered,Coverage row generated from active source/config/route discovery; canonical doc must be updated when the source surface changes lifecycle or interface.
helm-oss,ci-cd,.github/workflows/scorecard.yml,.github/workflows/README.md,operator,how-to,owned-active,make docs-coverage && make docs-truth,covered,Coverage row generated from active source/config/route discovery; canonical doc must be updated when the source surface changes lifecycle or interface.
helm-oss,api-contract,api/openapi/helm.openapi.yaml,api/openapi/README.md,developer,reference,owned-active,make docs-coverage && make docs-truth,covered,Coverage row generated from active source/config/route discovery; canonical doc must be updated when the source surface changes lifecycle or interface.
helm-oss,configuration,examples/otel-genai/go.mod,examples/otel-genai/README.md,maintainer,reference,owned-active,make docs-coverage && make docs-truth,covered,Coverage row generated from active source/config/route discovery; canonical doc must be updated when the source surface changes lifecycle or interface.
helm-oss,configuration,packages/design-system-core/package.json,packages/design-system-core/README.md,maintainer,reference,owned-active,make docs-coverage && make docs-truth,covered,Coverage row generated from active source/config/route discovery; canonical doc must be updated when the source surface changes lifecycle or interface.
helm-oss,configuration,packages/design-system-core/package-lock.json,packages/design-system-core/README.md,maintainer,reference,owned-active,make docs-coverage && make docs-truth,covered,Package dependency lockfile for the standalone design-system-core verification surface; keep aligned with package.json when dev/test dependencies change.
helm-oss,configuration,packages/design-system-core/tsconfig.json,packages/design-system-core/README.md,maintainer,reference,owned-active,make docs-coverage && make docs-truth,covered,Coverage row generated from active source/config/route discovery; canonical doc must be updated when the source surface changes lifecycle or interface.
helm-oss,configuration,packages/design-system-core/vitest.config.ts,packages/design-system-core/README.md,maintainer,reference,owned-active,make docs-coverage && make docs-truth,covered,Coverage row generated from active source/config/route discovery; canonical doc must be updated when the source surface changes lifecycle or interface.
helm-oss,schema,schemas/approvals/approval_ceremony_record.v1.json,schemas/README.md,developer,reference,owned-active,make docs-coverage && make docs-truth,covered,Coverage row generated from active source/config/route discovery; canonical doc must be updated when the source surface changes lifecycle or interface.
helm-oss,schema,schemas/approvals/approval_decision.v1.json,schemas/README.md,developer,reference,owned-active,make docs-coverage && make docs-truth,covered,Coverage row generated from active source/config/route discovery; canonical doc must be updated when the source surface changes lifecycle or interface.
helm-oss,schema,schemas/approvals/approval_request.v1.json,schemas/README.md,developer,reference,owned-active,make docs-coverage && make docs-truth,covered,Coverage row generated from active source/config/route discovery; canonical doc must be updated when the source surface changes lifecycle or interface.
helm-oss,schema,schemas/effects/create_calendar_event_effect.v1.json,schemas/README.md,developer,reference,owned-active,make docs-coverage && make docs-truth,covered,Coverage row generated from active source/config/route discovery; canonical doc must be updated when the source surface changes lifecycle or interface.
helm-oss,schema,schemas/effects/request_purchase_effect.v1.json,schemas/README.md,developer,reference,owned-active,make docs-coverage && make docs-truth,covered,Coverage row generated from active source/config/route discovery; canonical doc must be updated when the source surface changes lifecycle or interface.
helm-oss,schema,schemas/effects/screen_candidate_effect.v1.json,schemas/README.md,developer,reference,owned-active,make docs-coverage && make docs-truth,covered,Coverage row generated from active source/config/route discovery; canonical doc must be updated when the source surface changes lifecycle or interface.
helm-oss,schema,schemas/effects/send_chat_message_effect.v1.json,schemas/README.md,developer,reference,owned-active,make docs-coverage && make docs-truth,covered,Coverage row generated from active source/config/route discovery; canonical doc must be updated when the source surface changes lifecycle or interface.
helm-oss,schema,schemas/effects/send_email_effect.v1.json,schemas/README.md,developer,reference,owned-active,make docs-coverage && make docs-truth,covered,Coverage row generated from active source/config/route discovery; canonical doc must be updated when the source surface changes lifecycle or interface.
helm-oss,schema,schemas/receipts/approval_receipt.v1.json,schemas/README.md,developer,reference,owned-active,make docs-coverage && make docs-truth,covered,Coverage row generated from active source/config/route discovery; canonical doc must be updated when the source surface changes lifecycle or interface.
helm-oss,configuration,schemas/receipts/arc_scorecard_receipt.schema.json,schemas/README.md,maintainer,reference,owned-active,make docs-coverage && make docs-truth,covered,Coverage row generated from active source/config/route discovery; canonical doc must be updated when the source surface changes lifecycle or interface.
helm-oss,configuration,schemas/receipts/arc_tool_receipt.schema.json,schemas/README.md,maintainer,reference,owned-active,make docs-coverage && make docs-truth,covered,Coverage row generated from active source/config/route discovery; canonical doc must be updated when the source surface changes lifecycle or interface.
helm-oss,schema,schemas/receipts/connector_effect_receipt.v1.json,schemas/README.md,developer,reference,owned-active,make docs-coverage && make docs-truth,covered,Coverage row generated from active source/config/route discovery; canonical doc must be updated when the source surface changes lifecycle or interface.
helm-oss,schema,schemas/receipts/outbound_comm_receipt.v1.json,schemas/README.md,developer,reference,owned-active,make docs-coverage && make docs-truth,covered,Coverage row generated from active source/config/route discovery; canonical doc must be updated when the source surface changes lifecycle or interface.
helm-oss,schema,schemas/receipts/runtime_adapter_receipt.v1.json,schemas/README.md,developer,reference,owned-active,make docs-coverage && make docs-truth,covered,Coverage row generated from active source/config/route discovery; canonical doc must be updated when the source surface changes lifecycle or interface.
helm-oss,configuration,sdk/go/go.mod,sdk/go/README.md,maintainer,reference,owned-active,make docs-coverage && make docs-truth,covered,Coverage row generated from active source/config/route discovery; canonical doc must be updated when the source surface changes lifecycle or interface.
helm-oss,configuration,sdk/python/pyproject.toml,sdk/python/README.md,maintainer,reference,owned-active,make docs-coverage && make docs-truth,covered,Coverage row generated from active source/config/route discovery; canonical doc must be updated when the source surface changes lifecycle or interface.
helm-oss,configuration,sdk/rust/Cargo.toml,sdk/rust/README.md,maintainer,reference,owned-active,make docs-coverage && make docs-truth,covered,Coverage row generated from active source/config/route discovery; canonical doc must be updated when the source surface changes lifecycle or interface.
helm-oss,configuration,sdk/ts/package-lock.json,sdk/ts/README.md,maintainer,reference,owned-active,make docs-coverage && make docs-truth,covered,Coverage row generated from active source/config/route discovery; canonical doc must be updated when the source surface changes lifecycle or interface.
helm-oss,configuration,sdk/ts/package.json,sdk/ts/README.md,maintainer,reference,owned-active,make docs-coverage && make docs-truth,covered,Coverage row generated from active source/config/route discovery; canonical doc must be updated when the source surface changes lifecycle or interface.
helm-oss,configuration,sdk/ts/tsconfig.json,sdk/ts/README.md,maintainer,reference,owned-active,make docs-coverage && make docs-truth,covered,Coverage row generated from active source/config/route discovery; canonical doc must be updated when the source surface changes lifecycle or interface.
helm-oss,configuration,sdk/ts/vitest.config.ts,sdk/ts/README.md,maintainer,reference,owned-active,make docs-coverage && make docs-truth,covered,Coverage row generated from active source/config/route discovery; canonical doc must be updated when the source surface changes lifecycle or interface.
helm-oss,configuration,tests/conformance/go.mod,tests/README.md,maintainer,reference,owned-active,make docs-coverage && make docs-truth,covered,Coverage row generated from active source/config/route discovery; canonical doc must be updated when the source surface changes lifecycle or interface.
helm-oss,configuration,tools/doccheck/go.mod,tools/doccheck/README.md,maintainer,reference,owned-active,make docs-coverage && make docs-truth,covered,Coverage row generated from active source/config/route discovery; canonical doc must be updated when the source surface changes lifecycle or interface.
helm-oss,configuration,tools/tcbcheck/go.mod,tools/tcbcheck/README.md,maintainer,reference,owned-active,make docs-coverage && make docs-truth,covered,Coverage row generated from active source/config/route discovery; canonical doc must be updated when the source surface changes lifecycle or interface.
helm-oss,configuration,protocols/json-schemas/audit/merged_audit_report.v1.schema.json,protocols/json-schemas/SCHEMA_INDEX.md,maintainer,reference,owned-active,make docs-coverage && make docs-truth,covered,Coverage row generated from active source/config/route discovery; canonical doc must be updated when the source surface changes lifecycle or interface.
helm-oss,configuration,protocols/json-schemas/authority/authority_evaluation.v1.schema.json,protocols/json-schemas/SCHEMA_INDEX.md,maintainer,reference,owned-active,make docs-coverage && make docs-truth,covered,Coverage row generated from active source/config/route discovery; canonical doc must be updated when the source surface changes lifecycle or interface.
helm-oss,configuration,protocols/json-schemas/business/escalation_policy.schema.json,protocols/json-schemas/SCHEMA_INDEX.md,maintainer,reference,owned-active,make docs-coverage && make docs-truth,covered,Coverage row generated from active source/config/route discovery; canonical doc must be updated when the source surface changes lifecycle or interface.
helm-oss,configuration,protocols/json-schemas/business/human_task.schema.json,protocols/json-schemas/SCHEMA_INDEX.md,maintainer,reference,owned-active,make docs-coverage && make docs-truth,covered,Coverage row generated from active source/config/route discovery; canonical doc must be updated when the source surface changes lifecycle or interface.
helm-oss,configuration,protocols/json-schemas/business/obligation.schema.json,protocols/json-schemas/SCHEMA_INDEX.md,maintainer,reference,owned-active,make docs-coverage && make docs-truth,covered,Coverage row generated from active source/config/route discovery; canonical doc must be updated when the source surface changes lifecycle or interface.
helm-oss,configuration,protocols/json-schemas/business/sla.schema.json,protocols/json-schemas/SCHEMA_INDEX.md,maintainer,reference,owned-active,make docs-coverage && make docs-truth,covered,Coverage row generated from active source/config/route discovery; canonical doc must be updated when the source surface changes lifecycle or interface.
helm-oss,configuration,protocols/json-schemas/certification/conformance_report.v1.schema.json,protocols/json-schemas/SCHEMA_INDEX.md,maintainer,reference,owned-active,make docs-coverage && make docs-truth,covered,Coverage row generated from active source/config/route discovery; canonical doc must be updated when the source surface changes lifecycle or interface.
helm-oss,configuration,protocols/json-schemas/certification/module_attestation.schema.json,protocols/json-schemas/SCHEMA_INDEX.md,maintainer,reference,owned-active,make docs-coverage && make docs-truth,covered,Coverage row generated from active source/config/route discovery; canonical doc must be updated when the source surface changes lifecycle or interface.
helm-oss,configuration,protocols/json-schemas/core/approval_artifact.schema.json,protocols/json-schemas/SCHEMA_INDEX.md,maintainer,reference,owned-active,make docs-coverage && make docs-truth,covered,Coverage row generated from active source/config/route discovery; canonical doc must be updated when the source surface changes lifecycle or interface.
helm-oss,configuration,protocols/json-schemas/core/condensation_checkpoint.v1.schema.json,protocols/json-schemas/SCHEMA_INDEX.md,maintainer,reference,owned-active,make docs-coverage && make docs-truth,covered,Coverage row generated from active source/config/route discovery; canonical doc must be updated when the source surface changes lifecycle or interface.
helm-oss,configuration,protocols/json-schemas/core/effect.schema.json,protocols/json-schemas/SCHEMA_INDEX.md,maintainer,reference,owned-active,make docs-coverage && make docs-truth,covered,Coverage row generated from active source/config/route discovery; canonical doc must be updated when the source surface changes lifecycle or interface.
helm-oss,configuration,protocols/json-schemas/core/env_snap.schema.json,protocols/json-schemas/SCHEMA_INDEX.md,maintainer,reference,owned-active,make docs-coverage && make docs-truth,covered,Coverage row generated from active source/config/route discovery; canonical doc must be updated when the source surface changes lifecycle or interface.
helm-oss,configuration,protocols/json-schemas/core/envelope_ref.schema.json,protocols/json-schemas/SCHEMA_INDEX.md,maintainer,reference,owned-active,make docs-coverage && make docs-truth,covered,Coverage row generated from active source/config/route discovery; canonical doc must be updated when the source surface changes lifecycle or interface.
helm-oss,configuration,protocols/json-schemas/core/envsnap.schema.json,protocols/json-schemas/SCHEMA_INDEX.md,maintainer,reference,owned-active,make docs-coverage && make docs-truth,covered,Coverage row generated from active source/config/route discovery; canonical doc must be updated when the source surface changes lifecycle or interface.
helm-oss,configuration,protocols/json-schemas/core/error_ir.schema.json,protocols/json-schemas/SCHEMA_INDEX.md,maintainer,reference,owned-active,make docs-coverage && make docs-truth,covered,Coverage row generated from active source/config/route discovery; canonical doc must be updated when the source surface changes lifecycle or interface.
helm-oss,configuration,protocols/json-schemas/core/evidence_pack.schema.json,protocols/json-schemas/SCHEMA_INDEX.md,maintainer,reference,owned-active,make docs-coverage && make docs-truth,covered,Coverage row generated from active source/config/route discovery; canonical doc must be updated when the source surface changes lifecycle or interface.
helm-oss,configuration,protocols/json-schemas/core/evidence_view.schema.json,protocols/json-schemas/SCHEMA_INDEX.md,maintainer,reference,owned-active,make docs-coverage && make docs-truth,covered,Coverage row generated from active source/config/route discovery; canonical doc must be updated when the source surface changes lifecycle or interface.
helm-oss,configuration,protocols/json-schemas/core/genesis_approval.v1.schema.json,protocols/json-schemas/SCHEMA_INDEX.md,maintainer,reference,owned-active,make docs-coverage && make docs-truth,covered,Coverage row generated from active source/config/route discovery; canonical doc must be updated when the source surface changes lifecycle or interface.
helm-oss,configuration,protocols/json-schemas/core/money.schema.json,protocols/json-schemas/SCHEMA_INDEX.md,maintainer,reference,owned-active,make docs-coverage && make docs-truth,covered,Coverage row generated from active source/config/route discovery; canonical doc must be updated when the source surface changes lifecycle or interface.
helm-oss,configuration,protocols/json-schemas/core/secret_ref.schema.json,protocols/json-schemas/SCHEMA_INDEX.md,maintainer,reference,owned-active,make docs-coverage && make docs-truth,covered,Coverage row generated from active source/config/route discovery; canonical doc must be updated when the source surface changes lifecycle or interface.
helm-oss,configuration,protocols/json-schemas/core/workflow_definition.schema.json,protocols/json-schemas/SCHEMA_INDEX.md,maintainer,reference,owned-active,make docs-coverage && make docs-truth,covered,Coverage row generated from active source/config/route discovery; canonical doc must be updated when the source surface changes lifecycle or interface.
helm-oss,configuration,protocols/json-schemas/cybernetics/control_loop.schema.json,protocols/json-schemas/SCHEMA_INDEX.md,maintainer,reference,owned-active,make docs-coverage && make docs-truth,covered,Coverage row generated from active source/config/route discovery; canonical doc must be updated when the source surface changes lifecycle or interface.
helm-oss,configuration,protocols/json-schemas/cybernetics/essential_variable.schema.json,protocols/json-schemas/SCHEMA_INDEX.md,maintainer,reference,owned-active,make docs-coverage && make docs-truth,covered,Coverage row generated from active source/config/route discovery; canonical doc must be updated when the source surface changes lifecycle or interface.
helm-oss,configuration,protocols/json-schemas/cybernetics/mode.schema.json,protocols/json-schemas/SCHEMA_INDEX.md,maintainer,reference,owned-active,make docs-coverage && make docs-truth,covered,Coverage row generated from active source/config/route discovery; canonical doc must be updated when the source surface changes lifecycle or interface.
helm-oss,configuration,protocols/json-schemas/cybernetics/regulation_graph.schema.json,protocols/json-schemas/SCHEMA_INDEX.md,maintainer,reference,owned-active,make docs-coverage && make docs-truth,covered,Coverage row generated from active source/config/route discovery; canonical doc must be updated when the source surface changes lifecycle or interface.
helm-oss,configuration,protocols/json-schemas/effects/effect_type_catalog.schema.json,protocols/json-schemas/SCHEMA_INDEX.md,maintainer,reference,owned-active,make docs-coverage && make docs-truth,covered,Coverage row generated from active source/config/route discovery; canonical doc must be updated when the source surface changes lifecycle or interface.
helm-oss,configuration,protocols/json-schemas/effects/visual_evidence.v1.schema.json,protocols/json-schemas/SCHEMA_INDEX.md,maintainer,reference,owned-active,make docs-coverage && make docs-truth,covered,Coverage row generated from active source/config/route discovery; canonical doc must be updated when the source surface changes lifecycle or interface.
helm-oss,configuration,protocols/json-schemas/identity/machine_identity.v1.schema.json,protocols/json-schemas/SCHEMA_INDEX.md,maintainer,reference,owned-active,make docs-coverage && make docs-truth,covered,Coverage row generated from active source/config/route discovery; canonical doc must be updated when the source surface changes lifecycle or interface.
helm-oss,configuration,protocols/json-schemas/intent/intent_ticket.v1.schema.json,protocols/json-schemas/SCHEMA_INDEX.md,maintainer,reference,owned-active,make docs-coverage && make docs-truth,covered,Coverage row generated from active source/config/route discovery; canonical doc must be updated when the source surface changes lifecycle or interface.
helm-oss,configuration,protocols/json-schemas/intervention/intervention_object.v1.schema.json,protocols/json-schemas/SCHEMA_INDEX.md,maintainer,reference,owned-active,make docs-coverage && make docs-truth,covered,Coverage row generated from active source/config/route discovery; canonical doc must be updated when the source surface changes lifecycle or interface.
helm-oss,configuration,protocols/json-schemas/kernel/effect_boundary.schema.json,protocols/json-schemas/SCHEMA_INDEX.md,maintainer,reference,owned-active,make docs-coverage && make docs-truth,covered,Coverage row generated from active source/config/route discovery; canonical doc must be updated when the source surface changes lifecycle or interface.
helm-oss,configuration,protocols/json-schemas/kernel/event_envelope.schema.json,protocols/json-schemas/SCHEMA_INDEX.md,maintainer,reference,owned-active,make docs-coverage && make docs-truth,covered,Coverage row generated from active source/config/route discovery; canonical doc must be updated when the source surface changes lifecycle or interface.
helm-oss,configuration,protocols/json-schemas/kernel/prng_config.schema.json,protocols/json-schemas/SCHEMA_INDEX.md,maintainer,reference,owned-active,make docs-coverage && make docs-truth,covered,Coverage row generated from active source/config/route discovery; canonical doc must be updated when the source surface changes lifecycle or interface.
helm-oss,configuration,protocols/json-schemas/morphogenesis/confluence_strategy.schema.json,protocols/json-schemas/SCHEMA_INDEX.md,maintainer,reference,owned-active,make docs-coverage && make docs-truth,covered,Coverage row generated from active source/config/route discovery; canonical doc must be updated when the source surface changes lifecycle or interface.
helm-oss,configuration,protocols/json-schemas/orgdna/environment_profile.schema.json,protocols/json-schemas/SCHEMA_INDEX.md,maintainer,reference,owned-active,make docs-coverage && make docs-truth,covered,Coverage row generated from active source/config/route discovery; canonical doc must be updated when the source surface changes lifecycle or interface.
helm-oss,configuration,protocols/json-schemas/orgdna/module.schema.json,protocols/json-schemas/SCHEMA_INDEX.md,maintainer,reference,owned-active,make docs-coverage && make docs-truth,covered,Coverage row generated from active source/config/route discovery; canonical doc must be updated when the source surface changes lifecycle or interface.
helm-oss,configuration,protocols/json-schemas/orgdna/orggenome.v1.schema.json,protocols/json-schemas/SCHEMA_INDEX.md,maintainer,reference,owned-active,make docs-coverage && make docs-truth,covered,Coverage row generated from active source/config/route discovery; canonical doc must be updated when the source surface changes lifecycle or interface.
helm-oss,configuration,protocols/json-schemas/orgdna/orgphenotype.schema.json,protocols/json-schemas/SCHEMA_INDEX.md,maintainer,reference,owned-active,make docs-coverage && make docs-truth,covered,Coverage row generated from active source/config/route discovery; canonical doc must be updated when the source surface changes lifecycle or interface.
helm-oss,configuration,protocols/json-schemas/packs/access_review_pack.v1.schema.json,protocols/json-schemas/SCHEMA_INDEX.md,maintainer,reference,owned-active,make docs-coverage && make docs-truth,covered,Coverage row generated from active source/config/route discovery; canonical doc must be updated when the source surface changes lifecycle or interface.
helm-oss,configuration,protocols/json-schemas/packs/capability_pack.v1.schema.json,protocols/json-schemas/SCHEMA_INDEX.md,maintainer,reference,owned-active,make docs-coverage && make docs-truth,covered,Coverage row generated from active source/config/route discovery; canonical doc must be updated when the source surface changes lifecycle or interface.
helm-oss,configuration,protocols/json-schemas/packs/change_pack.v1.schema.json,protocols/json-schemas/SCHEMA_INDEX.md,maintainer,reference,owned-active,make docs-coverage && make docs-truth,covered,Coverage row generated from active source/config/route discovery; canonical doc must be updated when the source surface changes lifecycle or interface.
helm-oss,configuration,protocols/json-schemas/packs/incident_pack.v1.schema.json,protocols/json-schemas/SCHEMA_INDEX.md,maintainer,reference,owned-active,make docs-coverage && make docs-truth,covered,Coverage row generated from active source/config/route discovery; canonical doc must be updated when the source surface changes lifecycle or interface.
helm-oss,configuration,protocols/json-schemas/packs/manifest.v1.schema.json,protocols/json-schemas/SCHEMA_INDEX.md,maintainer,reference,owned-active,make docs-coverage && make docs-truth,covered,Coverage row generated from active source/config/route discovery; canonical doc must be updated when the source surface changes lifecycle or interface.
helm-oss,configuration,protocols/json-schemas/packs/pack_manifest.v1.schema.json,protocols/json-schemas/SCHEMA_INDEX.md,maintainer,reference,owned-active,make docs-coverage && make docs-truth,covered,Coverage row generated from active source/config/route discovery; canonical doc must be updated when the source surface changes lifecycle or interface.
helm-oss,configuration,protocols/json-schemas/packs/vendor_due_diligence_pack.v1.schema.json,protocols/json-schemas/SCHEMA_INDEX.md,maintainer,reference,owned-active,make docs-coverage && make docs-truth,covered,Coverage row generated from active source/config/route discovery; canonical doc must be updated when the source surface changes lifecycle or interface.
helm-oss,configuration,protocols/json-schemas/policy/backoff_policy.schema.json,protocols/json-schemas/SCHEMA_INDEX.md,maintainer,reference,owned-active,make docs-coverage && make docs-truth,covered,Coverage row generated from active source/config/route discovery; canonical doc must be updated when the source surface changes lifecycle or interface.
helm-oss,configuration,protocols/json-schemas/policy/decision_log_event.schema.json,protocols/json-schemas/SCHEMA_INDEX.md,maintainer,reference,owned-active,make docs-coverage && make docs-truth,covered,Coverage row generated from active source/config/route discovery; canonical doc must be updated when the source surface changes lifecycle or interface.
helm-oss,configuration,protocols/json-schemas/policy/pdp_request.schema.json,protocols/json-schemas/SCHEMA_INDEX.md,maintainer,reference,owned-active,make docs-coverage && make docs-truth,covered,Coverage row generated from active source/config/route discovery; canonical doc must be updated when the source surface changes lifecycle or interface.
helm-oss,configuration,protocols/json-schemas/policy/pdp_response.schema.json,protocols/json-schemas/SCHEMA_INDEX.md,maintainer,reference,owned-active,make docs-coverage && make docs-truth,covered,Coverage row generated from active source/config/route discovery; canonical doc must be updated when the source surface changes lifecycle or interface.
helm-oss,configuration,protocols/json-schemas/policy/policy_bundle.schema.json,protocols/json-schemas/SCHEMA_INDEX.md,maintainer,reference,owned-active,make docs-coverage && make docs-truth,covered,Coverage row generated from active source/config/route discovery; canonical doc must be updated when the source surface changes lifecycle or interface.
helm-oss,configuration,protocols/json-schemas/policy/policy_decision.schema.json,protocols/json-schemas/SCHEMA_INDEX.md,maintainer,reference,owned-active,make docs-coverage && make docs-truth,covered,Coverage row generated from active source/config/route discovery; canonical doc must be updated when the source surface changes lifecycle or interface.
helm-oss,configuration,protocols/json-schemas/policy/policy_input_bundle.v1.schema.json,protocols/json-schemas/SCHEMA_INDEX.md,maintainer,reference,owned-active,make docs-coverage && make docs-truth,covered,Coverage row generated from active source/config/route discovery; canonical doc must be updated when the source surface changes lifecycle or interface.
helm-oss,configuration,protocols/json-schemas/policy/retry_plan.schema.json,protocols/json-schemas/SCHEMA_INDEX.md,maintainer,reference,owned-active,make docs-coverage && make docs-truth,covered,Coverage row generated from active source/config/route discovery; canonical doc must be updated when the source surface changes lifecycle or interface.
helm-oss,configuration,protocols/json-schemas/policy/timeout_policy.schema.json,protocols/json-schemas/SCHEMA_INDEX.md,maintainer,reference,owned-active,make docs-coverage && make docs-truth,covered,Coverage row generated from active source/config/route discovery; canonical doc must be updated when the source surface changes lifecycle or interface.
helm-oss,configuration,protocols/json-schemas/profiles/industry_profile.v1.schema.json,protocols/json-schemas/SCHEMA_INDEX.md,maintainer,reference,owned-active,make docs-coverage && make docs-truth,covered,Coverage row generated from active source/config/route discovery; canonical doc must be updated when the source surface changes lifecycle or interface.
helm-oss,configuration,protocols/json-schemas/profiles/jurisdiction_profile.v1.schema.json,protocols/json-schemas/SCHEMA_INDEX.md,maintainer,reference,owned-active,make docs-coverage && make docs-truth,covered,Coverage row generated from active source/config/route discovery; canonical doc must be updated when the source surface changes lifecycle or interface.
helm-oss,configuration,protocols/json-schemas/reason-codes/reason-codes-v1.schema.json,protocols/json-schemas/SCHEMA_INDEX.md,maintainer,reference,owned-active,make docs-coverage && make docs-truth,covered,Coverage row generated from active source/config/route discovery; canonical doc must be updated when the source surface changes lifecycle or interface.
helm-oss,configuration,protocols/json-schemas/receipts/canonical_semantic_receipt.schema.json,protocols/json-schemas/SCHEMA_INDEX.md,maintainer,reference,owned-active,make docs-coverage && make docs-truth,covered,Coverage row generated from active source/config/route discovery; canonical doc must be updated when the source surface changes lifecycle or interface.
helm-oss,configuration,protocols/json-schemas/receipts/model_invocation_receipt.v1.schema.json,protocols/json-schemas/SCHEMA_INDEX.md,maintainer,reference,owned-active,make docs-coverage && make docs-truth,covered,Coverage row generated from active source/config/route discovery; canonical doc must be updated when the source surface changes lifecycle or interface.
helm-oss,configuration,protocols/json-schemas/receipts/raw_record_layer.schema.json,protocols/json-schemas/SCHEMA_INDEX.md,maintainer,reference,owned-active,make docs-coverage && make docs-truth,covered,Coverage row generated from active source/config/route discovery; canonical doc must be updated when the source surface changes lifecycle or interface.
helm-oss,configuration,protocols/json-schemas/receipts/tool_invocation_receipt.v1.schema.json,protocols/json-schemas/SCHEMA_INDEX.md,maintainer,reference,owned-active,make docs-coverage && make docs-truth,covered,Coverage row generated from active source/config/route discovery; canonical doc must be updated when the source surface changes lifecycle or interface.
helm-oss,configuration,protocols/json-schemas/registry/compatibility-registry.schema.json,protocols/json-schemas/SCHEMA_INDEX.md,maintainer,reference,owned-active,make docs-coverage && make docs-truth,covered,Coverage row generated from active source/config/route discovery; canonical doc must be updated when the source surface changes lifecycle or interface.
helm-oss,configuration,protocols/json-schemas/safety/controllability_envelope.schema.json,protocols/json-schemas/SCHEMA_INDEX.md,maintainer,reference,owned-active,make docs-coverage && make docs-truth,covered,Coverage row generated from active source/config/route discovery; canonical doc must be updated when the source surface changes lifecycle or interface.
helm-oss,configuration,protocols/json-schemas/safety/guardian_switch_event.schema.json,protocols/json-schemas/SCHEMA_INDEX.md,maintainer,reference,owned-active,make docs-coverage && make docs-truth,covered,Coverage row generated from active source/config/route discovery; canonical doc must be updated when the source surface changes lifecycle or interface.
helm-oss,configuration,protocols/json-schemas/tooling/doc_registry.schema.json,protocols/json-schemas/SCHEMA_INDEX.md,maintainer,reference,owned-active,make docs-coverage && make docs-truth,covered,Coverage row generated from active source/config/route discovery; canonical doc must be updated when the source surface changes lifecycle or interface.
helm-oss,configuration,protocols/json-schemas/tooling/freshness.schema.json,protocols/json-schemas/SCHEMA_INDEX.md,maintainer,reference,owned-active,make docs-coverage && make docs-truth,covered,Coverage row generated from active source/config/route discovery; canonical doc must be updated when the source surface changes lifecycle or interface.
helm-oss,configuration,protocols/json-schemas/tooling/simulation_profile.schema.json,protocols/json-schemas/SCHEMA_INDEX.md,maintainer,reference,owned-active,make docs-coverage && make docs-truth,covered,Coverage row generated from active source/config/route discovery; canonical doc must be updated when the source surface changes lifecycle or interface.
helm-oss,configuration,protocols/json-schemas/truth/truth_object.v1.schema.json,protocols/json-schemas/SCHEMA_INDEX.md,maintainer,reference,owned-active,make docs-coverage && make docs-truth,covered,Coverage row generated from active source/config/route discovery; canonical doc must be updated when the source surface changes lifecycle or interface.
helm-oss,configuration,protocols/json-schemas/verification/proof_pack.v1.schema.json,protocols/json-schemas/SCHEMA_INDEX.md,maintainer,reference,owned-active,make docs-coverage && make docs-truth,covered,Coverage row generated from active source/config/route discovery; canonical doc must be updated when the source surface changes lifecycle or interface.
helm-oss,protocol,protocols/policy-schema/experimental/experimental.proto,protocols/README.md,developer,reference,owned-active,make docs-coverage && make docs-truth,covered,Coverage row generated from active source/config/route discovery; canonical doc must be updated when the source surface changes lifecycle or interface.
helm-oss,protocol,protocols/policy-schema/v1/explain.proto,protocols/README.md,developer,reference,owned-active,make docs-coverage && make docs-truth,covered,Coverage row generated from active source/config/route discovery; canonical doc must be updated when the source surface changes lifecycle or interface.
helm-oss,protocol,protocols/policy-schema/v1/focus.proto,protocols/README.md,developer,reference,owned-active,make docs-coverage && make docs-truth,covered,Coverage row generated from active source/config/route discovery; canonical doc must be updated when the source surface changes lifecycle or interface.
helm-oss,protocol,protocols/policy-schema/v1/foundations.proto,protocols/README.md,developer,reference,owned-active,make docs-coverage && make docs-truth,covered,Coverage row generated from active source/config/route discovery; canonical doc must be updated when the source surface changes lifecycle or interface.
helm-oss,protocol,protocols/policy-schema/v1/memory.proto,protocols/README.md,developer,reference,owned-active,make docs-coverage && make docs-truth,covered,Coverage row generated from active source/config/route discovery; canonical doc must be updated when the source surface changes lifecycle or interface.
helm-oss,protocol,protocols/policy-schema/v1/plan_ir.proto,protocols/README.md,developer,reference,owned-active,make docs-coverage && make docs-truth,covered,Coverage row generated from active source/config/route discovery; canonical doc must be updated when the source surface changes lifecycle or interface.
helm-oss,protocol,protocols/policy-schema/v1/policy_bundle.proto,protocols/README.md,developer,reference,owned-active,make docs-coverage && make docs-truth,covered,Coverage row generated from active source/config/route discovery; canonical doc must be updated when the source surface changes lifecycle or interface.
helm-oss,protocol,protocols/policy-schema/v1/tool_calls.proto,protocols/README.md,developer,reference,owned-active,make docs-coverage && make docs-truth,covered,Coverage row generated from active source/config/route discovery; canonical doc must be updated when the source surface changes lifecycle or interface.
helm-oss,protocol,protocols/policy-schema/v1/tools.proto,protocols/README.md,developer,reference,owned-active,make docs-coverage && make docs-truth,covered,Coverage row generated from active source/config/route discovery; canonical doc must be updated when the source surface changes lifecycle or interface.
helm-oss,protocol,protocols/policy-schema/v1/verdict.proto,protocols/README.md,developer,reference,owned-active,make docs-coverage && make docs-truth,covered,Coverage row generated from active source/config/route discovery; canonical doc must be updated when the source surface changes lifecycle or interface.
helm-oss,protocol,protocols/policy-schema/v1/witness.proto,protocols/README.md,developer,reference,owned-active,make docs-coverage && make docs-truth,covered,Coverage row generated from active source/config/route discovery; canonical doc must be updated when the source surface changes lifecycle or interface.
helm-oss,configuration,protocols/specs/authority-court/authorization_decision.v1.schema.json,protocols/README.md,maintainer,reference,owned-active,make docs-coverage && make docs-truth,covered,Coverage row generated from active source/config/route discovery; canonical doc must be updated when the source surface changes lifecycle or interface.
helm-oss,configuration,protocols/specs/authority-court/authorization_request.v1.schema.json,protocols/README.md,maintainer,reference,owned-active,make docs-coverage && make docs-truth,covered,Coverage row generated from active source/config/route discovery; canonical doc must be updated when the source surface changes lifecycle or interface.
helm-oss,configuration,protocols/specs/commit/commit_token.v1.schema.json,protocols/README.md,maintainer,reference,owned-active,make docs-coverage && make docs-truth,covered,Coverage row generated from active source/config/route discovery; canonical doc must be updated when the source surface changes lifecycle or interface.
helm-oss,configuration,protocols/specs/context-capsule/context_capsule.v1.schema.json,protocols/README.md,maintainer,reference,owned-active,make docs-coverage && make docs-truth,covered,Coverage row generated from active source/config/route discovery; canonical doc must be updated when the source surface changes lifecycle or interface.
helm-oss,configuration,protocols/specs/decision-record/decision_record.v1.schema.json,protocols/README.md,maintainer,reference,owned-active,make docs-coverage && make docs-truth,covered,Coverage row generated from active source/config/route discovery; canonical doc must be updated when the source surface changes lifecycle or interface.
helm-oss,configuration,protocols/specs/observations/observation_artifact.v1.schema.json,protocols/README.md,maintainer,reference,owned-active,make docs-coverage && make docs-truth,covered,Coverage row generated from active source/config/route discovery; canonical doc must be updated when the source surface changes lifecycle or interface.
helm-oss,configuration,protocols/specs/tool-manifest/tool_manifest.v1.schema.json,protocols/README.md,maintainer,reference,owned-active,make docs-coverage && make docs-truth,covered,Coverage row generated from active source/config/route discovery; canonical doc must be updated when the source surface changes lifecycle or interface.
helm-oss,configuration,schemas/connectors/arc/arc_bridge_request.schema.json,schemas/README.md,maintainer,reference,owned-active,make docs-coverage && make docs-truth,covered,Coverage row generated from active source/config/route discovery; canonical doc must be updated when the source surface changes lifecycle or interface.
helm-oss,configuration,schemas/connectors/arc/arc_session_step.schema.json,schemas/README.md,maintainer,reference,owned-active,make docs-coverage && make docs-truth,covered,Coverage row generated from active source/config/route discovery; canonical doc must be updated when the source surface changes lifecycle or interface.
helm-oss,migration,core/pkg/api/migrations/001_create_idempotency_keys.sql,core/README.md,developer,reference,owned-active,make docs-coverage && make docs-truth,covered,Coverage row generated from active source/config/route discovery; canonical doc must be updated when the source surface changes lifecycle or interface.
helm-oss,migration,core/pkg/budget/migrations/001_initial_budget_schema.sql,core/README.md,developer,reference,owned-active,make docs-coverage && make docs-truth,covered,Coverage row generated from active source/config/route discovery; canonical doc must be updated when the source surface changes lifecycle or interface.
helm-oss,migration,core/pkg/credentials/migrations/001_create_credentials.sql,core/README.md,developer,reference,owned-active,make docs-coverage && make docs-truth,covered,Coverage row generated from active source/config/route discovery; canonical doc must be updated when the source surface changes lifecycle or interface.
helm-oss,migration,core/pkg/store/migrations/001_create_receipts.sql,core/README.md,developer,reference,owned-active,make docs-coverage && make docs-truth,covered,Coverage row generated from active source/config/route discovery; canonical doc must be updated when the source surface changes lifecycle or interface.
helm-oss,migration,core/pkg/trust/migrations/001_initial_trust_schema.sql,core/README.md,developer,reference,owned-active,make docs-coverage && make docs-truth,covered,Coverage row generated from active source/config/route discovery; canonical doc must be updated when the source surface changes lifecycle or interface.
helm-oss,configuration,protocols/json-schemas/tooling/io/tool_input_bank_balance_read_v1.schema.json,protocols/json-schemas/SCHEMA_INDEX.md,maintainer,reference,owned-active,make docs-coverage && make docs-truth,covered,Coverage row generated from active source/config/route discovery; canonical doc must be updated when the source surface changes lifecycle or interface.
helm-oss,configuration,protocols/json-schemas/tooling/io/tool_input_bank_transfer_v1.schema.json,protocols/json-schemas/SCHEMA_INDEX.md,maintainer,reference,owned-active,make docs-coverage && make docs-truth,covered,Coverage row generated from active source/config/route discovery; canonical doc must be updated when the source surface changes lifecycle or interface.
helm-oss,configuration,protocols/json-schemas/tooling/io/tool_input_calendar_create_event_v1.schema.json,protocols/json-schemas/SCHEMA_INDEX.md,maintainer,reference,owned-active,make docs-coverage && make docs-truth,covered,Coverage row generated from active source/config/route discovery; canonical doc must be updated when the source surface changes lifecycle or interface.
helm-oss,configuration,protocols/json-schemas/tooling/io/tool_input_calendar_read_availability_v1.schema.json,protocols/json-schemas/SCHEMA_INDEX.md,maintainer,reference,owned-active,make docs-coverage && make docs-truth,covered,Coverage row generated from active source/config/route discovery; canonical doc must be updated when the source surface changes lifecycle or interface.
helm-oss,configuration,protocols/json-schemas/tooling/io/tool_input_cloud_deploy_v1.schema.json,protocols/json-schemas/SCHEMA_INDEX.md,maintainer,reference,owned-active,make docs-coverage && make docs-truth,covered,Coverage row generated from active source/config/route discovery; canonical doc must be updated when the source surface changes lifecycle or interface.
helm-oss,configuration,protocols/json-schemas/tooling/io/tool_input_dns_record_upsert_v1.schema.json,protocols/json-schemas/SCHEMA_INDEX.md,maintainer,reference,owned-active,make docs-coverage && make docs-truth,covered,Coverage row generated from active source/config/route discovery; canonical doc must be updated when the source surface changes lifecycle or interface.
helm-oss,configuration,protocols/json-schemas/tooling/io/tool_input_domain_register_v1.schema.json,protocols/json-schemas/SCHEMA_INDEX.md,maintainer,reference,owned-active,make docs-coverage && make docs-truth,covered,Coverage row generated from active source/config/route discovery; canonical doc must be updated when the source surface changes lifecycle or interface.
helm-oss,configuration,protocols/json-schemas/tooling/io/tool_input_email_read_thread_v1.schema.json,protocols/json-schemas/SCHEMA_INDEX.md,maintainer,reference,owned-active,make docs-coverage && make docs-truth,covered,Coverage row generated from active source/config/route discovery; canonical doc must be updated when the source surface changes lifecycle or interface.
helm-oss,configuration,protocols/json-schemas/tooling/io/tool_input_email_send_v1.schema.json,protocols/json-schemas/SCHEMA_INDEX.md,maintainer,reference,owned-active,make docs-coverage && make docs-truth,covered,Coverage row generated from active source/config/route discovery; canonical doc must be updated when the source surface changes lifecycle or interface.
helm-oss,configuration,protocols/json-schemas/tooling/io/tool_input_esign_send_for_signature_v1.schema.json,protocols/json-schemas/SCHEMA_INDEX.md,maintainer,reference,owned-active,make docs-coverage && make docs-truth,covered,Coverage row generated from active source/config/route discovery; canonical doc must be updated when the source surface changes lifecycle or interface.
helm-oss,configuration,protocols/json-schemas/tooling/io/tool_input_esign_status_read_v1.schema.json,protocols/json-schemas/SCHEMA_INDEX.md,maintainer,reference,owned-active,make docs-coverage && make docs-truth,covered,Coverage row generated from active source/config/route discovery; canonical doc must be updated when the source surface changes lifecycle or interface.
helm-oss,configuration,protocols/json-schemas/tooling/io/tool_input_facts_company_registry_lookup_v1.schema.json,protocols/json-schemas/SCHEMA_INDEX.md,maintainer,reference,owned-active,make docs-coverage && make docs-truth,covered,Coverage row generated from active source/config/route discovery; canonical doc must be updated when the source surface changes lifecycle or interface.
helm-oss,configuration,protocols/json-schemas/tooling/io/tool_input_facts_fx_rate_v1.schema.json,protocols/json-schemas/SCHEMA_INDEX.md,maintainer,reference,owned-active,make docs-coverage && make docs-truth,covered,Coverage row generated from active source/config/route discovery; canonical doc must be updated when the source surface changes lifecycle or interface.
helm-oss,configuration,protocols/json-schemas/tooling/io/tool_input_facts_tax_vat_validate_v1.schema.json,protocols/json-schemas/SCHEMA_INDEX.md,maintainer,reference,owned-active,make docs-coverage && make docs-truth,covered,Coverage row generated from active source/config/route discovery; canonical doc must be updated when the source surface changes lifecycle or interface.
helm-oss,configuration,protocols/json-schemas/tooling/io/tool_input_http_request_v1.schema.json,protocols/json-schemas/SCHEMA_INDEX.md,maintainer,reference,owned-active,make docs-coverage && make docs-truth,covered,Coverage row generated from active source/config/route discovery; canonical doc must be updated when the source surface changes lifecycle or interface.
helm-oss,configuration,protocols/json-schemas/tooling/io/tool_input_identity_provision_user_v1.schema.json,protocols/json-schemas/SCHEMA_INDEX.md,maintainer,reference,owned-active,make docs-coverage && make docs-truth,covered,Coverage row generated from active source/config/route discovery; canonical doc must be updated when the source surface changes lifecycle or interface.
helm-oss,configuration,protocols/json-schemas/tooling/io/tool_input_packs_bind_v1.schema.json,protocols/json-schemas/SCHEMA_INDEX.md,maintainer,reference,owned-active,make docs-coverage && make docs-truth,covered,Coverage row generated from active source/config/route discovery; canonical doc must be updated when the source surface changes lifecycle or interface.
helm-oss,configuration,protocols/json-schemas/tooling/io/tool_input_packs_install_v1.schema.json,protocols/json-schemas/SCHEMA_INDEX.md,maintainer,reference,owned-active,make docs-coverage && make docs-truth,covered,Coverage row generated from active source/config/route discovery; canonical doc must be updated when the source surface changes lifecycle or interface.
helm-oss,configuration,protocols/json-schemas/tooling/io/tool_input_packs_upgrade_v1.schema.json,protocols/json-schemas/SCHEMA_INDEX.md,maintainer,reference,owned-active,make docs-coverage && make docs-truth,covered,Coverage row generated from active source/config/route discovery; canonical doc must be updated when the source surface changes lifecycle or interface.
helm-oss,configuration,protocols/json-schemas/tooling/io/tool_input_payments_charge_v1.schema.json,protocols/json-schemas/SCHEMA_INDEX.md,maintainer,reference,owned-active,make docs-coverage && make docs-truth,covered,Coverage row generated from active source/config/route discovery; canonical doc must be updated when the source surface changes lifecycle or interface.
helm-oss,configuration,protocols/json-schemas/tooling/io/tool_input_payments_refund_v1.schema.json,protocols/json-schemas/SCHEMA_INDEX.md,maintainer,reference,owned-active,make docs-coverage && make docs-truth,covered,Coverage row generated from active source/config/route discovery; canonical doc must be updated when the source surface changes lifecycle or interface.
helm-oss,configuration,protocols/json-schemas/tooling/io/tool_input_payments_subscription_create_v1.schema.json,protocols/json-schemas/SCHEMA_INDEX.md,maintainer,reference,owned-active,make docs-coverage && make docs-truth,covered,Coverage row generated from active source/config/route discovery; canonical doc must be updated when the source surface changes lifecycle or interface.
helm-oss,configuration,protocols/json-schemas/tooling/io/tool_input_proof_attach_v1.schema.json,protocols/json-schemas/SCHEMA_INDEX.md,maintainer,reference,owned-active,make docs-coverage && make docs-truth,covered,Coverage row generated from active source/config/route discovery; canonical doc must be updated when the source surface changes lifecycle or interface.
helm-oss,configuration,protocols/json-schemas/tooling/io/tool_input_proof_export_pack_v1.schema.json,protocols/json-schemas/SCHEMA_INDEX.md,maintainer,reference,owned-active,make docs-coverage && make docs-truth,covered,Coverage row generated from active source/config/route discovery; canonical doc must be updated when the source surface changes lifecycle or interface.
helm-oss,configuration,protocols/json-schemas/tooling/io/tool_input_workshop_exec_v1.schema.json,protocols/json-schemas/SCHEMA_INDEX.md,maintainer,reference,owned-active,make docs-coverage && make docs-truth,covered,Coverage row generated from active source/config/route discovery; canonical doc must be updated when the source surface changes lifecycle or interface.
helm-oss,configuration,protocols/json-schemas/tooling/io/tool_input_workshop_fs_read_v1.schema.json,protocols/json-schemas/SCHEMA_INDEX.md,maintainer,reference,owned-active,make docs-coverage && make docs-truth,covered,Coverage row generated from active source/config/route discovery; canonical doc must be updated when the source surface changes lifecycle or interface.
helm-oss,configuration,protocols/json-schemas/tooling/io/tool_input_workshop_fs_write_v1.schema.json,protocols/json-schemas/SCHEMA_INDEX.md,maintainer,reference,owned-active,make docs-coverage && make docs-truth,covered,Coverage row generated from active source/config/route discovery; canonical doc must be updated when the source surface changes lifecycle or interface.
helm-oss,configuration,protocols/json-schemas/tooling/io/tool_output_bank_balance_read_v1.schema.json,protocols/json-schemas/SCHEMA_INDEX.md,maintainer,reference,owned-active,make docs-coverage && make docs-truth,covered,Coverage row generated from active source/config/route discovery; canonical doc must be updated when the source surface changes lifecycle or interface.
helm-oss,configuration,protocols/json-schemas/tooling/io/tool_output_bank_transfer_v1.schema.json,protocols/json-schemas/SCHEMA_INDEX.md,maintainer,reference,owned-active,make docs-coverage && make docs-truth,covered,Coverage row generated from active source/config/route discovery; canonical doc must be updated when the source surface changes lifecycle or interface.
helm-oss,configuration,protocols/json-schemas/tooling/io/tool_output_calendar_create_event_v1.schema.json,protocols/json-schemas/SCHEMA_INDEX.md,maintainer,reference,owned-active,make docs-coverage && make docs-truth,covered,Coverage row generated from active source/config/route discovery; canonical doc must be updated when the source surface changes lifecycle or interface.
helm-oss,configuration,protocols/json-schemas/tooling/io/tool_output_calendar_read_availability_v1.schema.json,protocols/json-schemas/SCHEMA_INDEX.md,maintainer,reference,owned-active,make docs-coverage && make docs-truth,covered,Coverage row generated from active source/config/route discovery; canonical doc must be updated when the source surface changes lifecycle or interface.
helm-oss,configuration,protocols/json-schemas/tooling/io/tool_output_cloud_deploy_v1.schema.json,protocols/json-schemas/SCHEMA_INDEX.md,maintainer,reference,owned-active,make docs-coverage && make docs-truth,covered,Coverage row generated from active source/config/route discovery; canonical doc must be updated when the source surface changes lifecycle or interface.
helm-oss,configuration,protocols/json-schemas/tooling/io/tool_output_dns_record_upsert_v1.schema.json,protocols/json-schemas/SCHEMA_INDEX.md,maintainer,reference,owned-active,make docs-coverage && make docs-truth,covered,Coverage row generated from active source/config/route discovery; canonical doc must be updated when the source surface changes lifecycle or interface.
helm-oss,configuration,protocols/json-schemas/tooling/io/tool_output_domain_register_v1.schema.json,protocols/json-schemas/SCHEMA_INDEX.md,maintainer,reference,owned-active,make docs-coverage && make docs-truth,covered,Coverage row generated from active source/config/route discovery; canonical doc must be updated when the source surface changes lifecycle or interface.
helm-oss,configuration,protocols/json-schemas/tooling/io/tool_output_email_read_thread_v1.schema.json,protocols/json-schemas/SCHEMA_INDEX.md,maintainer,reference,owned-active,make docs-coverage && make docs-truth,covered,Coverage row generated from active source/config/route discovery; canonical doc must be updated when the source surface changes lifecycle or interface.
helm-oss,configuration,protocols/json-schemas/tooling/io/tool_output_email_send_v1.schema.json,protocols/json-schemas/SCHEMA_INDEX.md,maintainer,reference,owned-active,make docs-coverage && make docs-truth,covered,Coverage row generated from active source/config/route discovery; canonical doc must be updated when the source surface changes lifecycle or interface.
helm-oss,configuration,protocols/json-schemas/tooling/io/tool_output_esign_send_for_signature_v1.schema.json,protocols/json-schemas/SCHEMA_INDEX.md,maintainer,reference,owned-active,make docs-coverage && make docs-truth,covered,Coverage row generated from active source/config/route discovery; canonical doc must be updated when the source surface changes lifecycle or interface.
helm-oss,configuration,protocols/json-schemas/tooling/io/tool_output_esign_status_read_v1.schema.json,protocols/json-schemas/SCHEMA_INDEX.md,maintainer,reference,owned-active,make docs-coverage && make docs-truth,covered,Coverage row generated from active source/config/route discovery; canonical doc must be updated when the source surface changes lifecycle or interface.
helm-oss,configuration,protocols/json-schemas/tooling/io/tool_output_facts_company_registry_lookup_v1.schema.json,protocols/json-schemas/SCHEMA_INDEX.md,maintainer,reference,owned-active,make docs-coverage && make docs-truth,covered,Coverage row generated from active source/config/route discovery; canonical doc must be updated when the source surface changes lifecycle or interface.
helm-oss,configuration,protocols/json-schemas/tooling/io/tool_output_facts_fx_rate_v1.schema.json,protocols/json-schemas/SCHEMA_INDEX.md,maintainer,reference,owned-active,make docs-coverage && make docs-truth,covered,Coverage row generated from active source/config/route discovery; canonical doc must be updated when the source surface changes lifecycle or interface.
helm-oss,configuration,protocols/json-schemas/tooling/io/tool_output_facts_tax_vat_validate_v1.schema.json,protocols/json-schemas/SCHEMA_INDEX.md,maintainer,reference,owned-active,make docs-coverage && make docs-truth,covered,Coverage row generated from active source/config/route discovery; canonical doc must be updated when the source surface changes lifecycle or interface.
helm-oss,configuration,protocols/json-schemas/tooling/io/tool_output_http_request_v1.schema.json,protocols/json-schemas/SCHEMA_INDEX.md,maintainer,reference,owned-active,make docs-coverage && make docs-truth,covered,Coverage row generated from active source/config/route discovery; canonical doc must be updated when the source surface changes lifecycle or interface.
helm-oss,configuration,protocols/json-schemas/tooling/io/tool_output_identity_provision_user_v1.schema.json,protocols/json-schemas/SCHEMA_INDEX.md,maintainer,reference,owned-active,make docs-coverage && make docs-truth,covered,Coverage row generated from active source/config/route discovery; canonical doc must be updated when the source surface changes lifecycle or interface.
helm-oss,configuration,protocols/json-schemas/tooling/io/tool_output_packs_bind_v1.schema.json,protocols/json-schemas/SCHEMA_INDEX.md,maintainer,reference,owned-active,make docs-coverage && make docs-truth,covered,Coverage row generated from active source/config/route discovery; canonical doc must be updated when the source surface changes lifecycle or interface.
helm-oss,configuration,protocols/json-schemas/tooling/io/tool_output_packs_install_v1.schema.json,protocols/json-schemas/SCHEMA_INDEX.md,maintainer,reference,owned-active,make docs-coverage && make docs-truth,covered,Coverage row generated from active source/config/route discovery; canonical doc must be updated when the source surface changes lifecycle or interface.
helm-oss,configuration,protocols/json-schemas/tooling/io/tool_output_packs_upgrade_v1.schema.json,protocols/json-schemas/SCHEMA_INDEX.md,maintainer,reference,owned-active,make docs-coverage && make docs-truth,covered,Coverage row generated from active source/config/route discovery; canonical doc must be updated when the source surface changes lifecycle or interface.
helm-oss,configuration,protocols/json-schemas/tooling/io/tool_output_payments_charge_v1.schema.json,protocols/json-schemas/SCHEMA_INDEX.md,maintainer,reference,owned-active,make docs-coverage && make docs-truth,covered,Coverage row generated from active source/config/route discovery; canonical doc must be updated when the source surface changes lifecycle or interface.
helm-oss,configuration,protocols/json-schemas/tooling/io/tool_output_payments_refund_v1.schema.json,protocols/json-schemas/SCHEMA_INDEX.md,maintainer,reference,owned-active,make docs-coverage && make docs-truth,covered,Coverage row generated from active source/config/route discovery; canonical doc must be updated when the source surface changes lifecycle or interface.
helm-oss,configuration,protocols/json-schemas/tooling/io/tool_output_payments_subscription_create_v1.schema.json,protocols/json-schemas/SCHEMA_INDEX.md,maintainer,reference,owned-active,make docs-coverage && make docs-truth,covered,Coverage row generated from active source/config/route discovery; canonical doc must be updated when the source surface changes lifecycle or interface.
helm-oss,configuration,protocols/json-schemas/tooling/io/tool_output_proof_attach_v1.schema.json,protocols/json-schemas/SCHEMA_INDEX.md,maintainer,reference,owned-active,make docs-coverage && make docs-truth,covered,Coverage row generated from active source/config/route discovery; canonical doc must be updated when the source surface changes lifecycle or interface.
helm-oss,configuration,protocols/json-schemas/tooling/io/tool_output_proof_export_pack_v1.schema.json,protocols/json-schemas/SCHEMA_INDEX.md,maintainer,reference,owned-active,make docs-coverage && make docs-truth,covered,Coverage row generated from active source/config/route discovery; canonical doc must be updated when the source surface changes lifecycle or interface.
helm-oss,configuration,protocols/json-schemas/tooling/io/tool_output_workshop_exec_v1.schema.json,protocols/json-schemas/SCHEMA_INDEX.md,maintainer,reference,owned-active,make docs-coverage && make docs-truth,covered,Coverage row generated from active source/config/route discovery; canonical doc must be updated when the source surface changes lifecycle or interface.
helm-oss,configuration,protocols/json-schemas/tooling/io/tool_output_workshop_fs_read_v1.schema.json,protocols/json-schemas/SCHEMA_INDEX.md,maintainer,reference,owned-active,make docs-coverage && make docs-truth,covered,Coverage row generated from active source/config/route discovery; canonical doc must be updated when the source surface changes lifecycle or interface.
helm-oss,configuration,protocols/json-schemas/tooling/io/tool_output_workshop_fs_write_v1.schema.json,protocols/json-schemas/SCHEMA_INDEX.md,maintainer,reference,owned-active,make docs-coverage && make docs-truth,covered,Coverage row generated from active source/config/route discovery; canonical doc must be updated when the source surface changes lifecycle or interface.
helm-oss,protocol,protocols/policy-schema/v1/learning/common.proto,protocols/README.md,developer,reference,owned-active,make docs-coverage && make docs-truth,covered,Coverage row generated from active source/config/route discovery; canonical doc must be updated when the source surface changes lifecycle or interface.
helm-oss,protocol,protocols/policy-schema/v1/learning/dataset.proto,protocols/README.md,developer,reference,owned-active,make docs-coverage && make docs-truth,covered,Coverage row generated from active source/config/route discovery; canonical doc must be updated when the source surface changes lifecycle or interface.
helm-oss,protocol,protocols/policy-schema/v1/learning/evidence.proto,protocols/README.md,developer,reference,owned-active,make docs-coverage && make docs-truth,covered,Coverage row generated from active source/config/route discovery; canonical doc must be updated when the source surface changes lifecycle or interface.
helm-oss,protocol,protocols/policy-schema/v1/learning/helm_trace.proto,protocols/README.md,developer,reference,owned-active,make docs-coverage && make docs-truth,covered,Coverage row generated from active source/config/route discovery; canonical doc must be updated when the source surface changes lifecycle or interface.
helm-oss,protocol,protocols/policy-schema/v1/learning/model_registry.proto,protocols/README.md,developer,reference,owned-active,make docs-coverage && make docs-truth,covered,Coverage row generated from active source/config/route discovery; canonical doc must be updated when the source surface changes lifecycle or interface.
helm-oss,protocol,protocols/policy-schema/v1/learning/subject_ref.proto,protocols/README.md,developer,reference,owned-active,make docs-coverage && make docs-truth,covered,Coverage row generated from active source/config/route discovery; canonical doc must be updated when the source surface changes lifecycle or interface.
helm-oss,protocol,protocols/proto/helm/authority/v1/authority.proto,protocols/proto/README.md,developer,reference,owned-active,make docs-coverage && make docs-truth,covered,Coverage row generated from active source/config/route discovery; canonical doc must be updated when the source surface changes lifecycle or interface.
helm-oss,protocol,protocols/proto/helm/effects/v1/effects.proto,protocols/proto/README.md,developer,reference,owned-active,make docs-coverage && make docs-truth,covered,Coverage row generated from active source/config/route discovery; canonical doc must be updated when the source surface changes lifecycle or interface.
helm-oss,protocol,protocols/proto/helm/intervention/v1/intervention.proto,protocols/proto/README.md,developer,reference,owned-active,make docs-coverage && make docs-truth,covered,Coverage row generated from active source/config/route discovery; canonical doc must be updated when the source surface changes lifecycle or interface.
helm-oss,protocol,protocols/proto/helm/kernel/v1/helm.proto,protocols/proto/README.md,developer,reference,owned-active,make docs-coverage && make docs-truth,covered,Coverage row generated from active source/config/route discovery; canonical doc must be updated when the source surface changes lifecycle or interface.
helm-oss,protocol,protocols/proto/helm/truth/v1/truth.proto,protocols/proto/README.md,developer,reference,owned-active,make docs-coverage && make docs-truth,covered,Coverage row generated from active source/config/route discovery; canonical doc must be updated when the source surface changes lifecycle or interface.
helm-oss,ci-cd,.github/workflows/docs.yml,.github/workflows/README.md,operator,how-to,owned-active,make docs-coverage && make docs-truth,covered,Documentation gate workflow; keep aligned with docs coverage and truth scripts.
helm-oss,frontend,apps,docs/CONSOLE.md,operator,explanation,owned-active,make test-console,covered,Console application group; OSS ships exactly one frontend under apps/console.
helm-oss,frontend,apps/console,docs/CONSOLE.md,operator,how-to,owned-active,make test-console,covered,Self-hostable HELM OSS Console application.
helm-oss,configuration,apps/console/package.json,docs/CONSOLE.md,developer,reference,owned-active,make test-console,covered,Console npm package identity and scripts.
helm-oss,configuration,apps/console/package-lock.json,docs/CONSOLE.md,developer,reference,owned-active,make test-console,covered,Console npm lockfile for reproducible installs.
helm-oss,configuration,apps/console/tsconfig.json,docs/CONSOLE.md,developer,reference,owned-active,make test-console,covered,Console TypeScript compiler configuration.
helm-oss,configuration,apps/console/vite.config.ts,docs/CONSOLE.md,developer,reference,owned-active,make test-console,covered,Console Vite build and development configuration.
